{
  "features": [
    "log_moneyness",
    "moneyness_sq",
    "days",
    "sqrt_dte",
    "inv_dte",
    "vix",
    "vix_sq",
    "vix_x_dte",
    "vix_x_log_moneyness"
  ],
  "call": {
    "weights": [
      -0.1113292329712826,
      0.0602424174558607,
      -0.029010490734085622,
      0.1317739115833954,
      0.11426667052338761,
      1.5259281860206881,
      -1.0229665069872933,
      -0.1222324365888309,
      0.08717261217635884
    ],
    "intercept": 3.2871069184601502,
    "mean": [
      0.07004353890597896,
      0.03658412714310657,
      136.0022466026045,
      9.397878144521908,
      0.05700529655604324,
      33.549707678538525,
      1490.2274525323119,
      320.93125029570086,
      2.957663439828338
    ],
    "scale": [
      0.177983228986984,
      0.10249948954542748,
      193.89707492380876,
      6.905225049433364,
      0.09619480461472593,
      19.095668807793174,
      2098.3326353093476,
      320.3248771127784,
      10.624995964878218
    ]
  },
  "put": {
    "weights": [
      -0.47055467399038403,
      -0.10921474484116818,
      0.05659987386205721,
      -0.09738842877580578,
      0.10328700511208827,
      0.7721233567316994,
      -0.407175229804155,
      -0.011669635275829855,
      0.22449655878331642
    ],
    "intercept": 3.4940924604899593,
    "mean": [
      -0.11989547374487526,
      0.056712420507774156,
      99.68622625900576,
      7.942113518682752,
      0.06978031253329955,
      30.369253196535364,
      1210.5401261987006,
      246.5375099702535,
      -3.9153999553292125
    ],
    "scale": [
      0.20576077343183294,
      0.25334027825208827,
      158.9629202300622,
      6.050542051367169,
      0.10487012231210417,
      16.977885218231012,
      1820.1006808146847,
      263.887383133603,
      9.474529488091898
    ]
  }
}