{
  "features": [
    "log_moneyness",
    "moneyness_sq",
    "abs_log_moneyness",
    "days",
    "sqrt_dte",
    "inv_dte",
    "inv_sqrt_dte",
    "vix",
    "log_vix",
    "vix_x_dte",
    "vix_x_log_moneyness",
    "log_moneyness_x_sqrt_dte"
  ],
  "call": {
    "weights": [
      -0.238797549905538,
      -0.09720236128373225,
      0.20032495574127523,
      0.005400163412872666,
      0.048652451290387796,
      0.14141573480733113,
      -0.03824353871622034,
      -0.08132182313042514,
      0.6002350359636308,
      -0.1151541349959197,
      0.15095575017192642,
      0.054176480370010424
    ],
    "intercept": 3.290830876378671,
    "mean": [
      0.06982818070219603,
      0.036520860702886536,
      0.1176152999308962,
      133.99824569589654,
      9.32807572908341,
      0.05788356959451009,
      0.18791293303221213,
      33.691760401757065,
      3.4060686413695773,
      319.6885875068099,
      2.97156126466531,
      0.8862110418623821
    ],
    "scale": [
      0.1778900949539012,
      0.10334036310877164,
      0.15062370970418917,
      191.39438445145524,
      6.85457868058873,
      0.09736991546800193,
      0.15024080402387846,
      19.015904997911207,
      0.43964548453141933,
      318.31313098710365,
      10.664996930337468,
      2.993085602641063
    ]
  },
  "put": {
    "weights": [
      -0.42384700215698073,
      -0.05678333129043225,
      0.1671924090828599,
      0.12414545884042555,
      -0.10584398826440466,
      0.11561876432211082,
      -0.005743289764037085,
      0.07119608708121354,
      0.29109389963429894,
      -0.041969909468388175,
      0.16069949195344252,
      0.23477961243977102
    ],
    "intercept": 3.502216068273412,
    "mean": [
      -0.12124621209948412,
      0.05740691889291605,
      0.14009204175774034,
      99.5607506293611,
      7.930119166894928,
      0.07056544895573713,
      0.21388283317664067,
      30.530102072902306,
      3.3199775221550345,
      246.708136663896,
      -3.974880264508789,
      -1.2726271512464589
    ],
    "scale": [
      0.20665496593221022,
      0.25876135278284684,
      0.19437370894507205,
      158.7352613756508,
      6.055902957297681,
      0.10584731834260333,
      0.157542320117708,
      16.913180919256995,
      0.40671571248050814,
      261.56011025103913,
      9.47478669198253,
      3.694882914203868
    ]
  }
}