{
  "features": [
    "log_moneyness",
    "moneyness_sq",
    "days",
    "sqrt_dte",
    "inv_dte",
    "vix",
    "vix_sq",
    "vix_x_dte",
    "vix_x_log_moneyness"
  ],
  "call": {
    "weights": [
      -0.11311167490370315,
      0.061499474421960104,
      -0.025733929121504195,
      0.1276247379773997,
      0.11339419516809915,
      1.5315012006956332,
      -1.0279597338483621,
      -0.12228161933909816,
      0.08833428670201735
    ],
    "intercept": 3.2878239493900954,
    "mean": [
      0.07058787248046805,
      0.0367796907190445,
      135.74556710083837,
      9.393290247972551,
      0.056855730772209956,
      33.58142817657743,
      1493.6496444931427,
      320.9565077361393,
      2.9955068313199966
    ],
    "scale": [
      0.17831725372976584,
      0.10286424673769257,
      193.32179948864416,
      6.892870622475236,
      0.09619857318595203,
      19.129488391342676,
      2102.0872457621194,
      320.279881573677,
      10.720660480567231
    ]
  },
  "put": {
    "weights": [
      -0.4695273212518044,
      -0.10635267314601529,
      0.05771401348236141,
      -0.09847587643168478,
      0.10325984268686836,
      0.7738410043427296,
      -0.40875918868192296,
      -0.011772284997123938,
      0.22606399993950854
    ],
    "intercept": 3.49355785814419,
    "mean": [
      -0.11965724805836171,
      0.056332358571986166,
      99.51078031448472,
      7.930381648911237,
      0.07000802461545992,
      30.34638765724892,
      1208.7486416013612,
      245.98438375105422,
      -3.914642417370088
    ],
    "scale": [
      0.2049743924471685,
      0.2503648744043538,
      158.92585167706568,
      6.0514318319796505,
      0.10502002787064087,
      16.966007124757777,
      1819.7081473375501,
      263.48024428187836,
      9.467981493985562
    ]
  }
}